<?xml version="1.0" encoding="UTF-8"?>
<!DOCTYPE mapper PUBLIC "-//mybatis.org//DTD Mapper 3.0//EN" "http://mybatis.org/dtd/mybatis-3-mapper.dtd">
<mapper namespace="com.atguigu.crud.dao.CheckonMapper">
  <resultMap id="BaseResultMap" type="com.atguigu.crud.bean.Checkon">
    <id column="emp_id" jdbcType="INTEGER" property="empId" />
    <result column="emp_name" jdbcType="VARCHAR" property="empName" />
    <result column="dept_name" jdbcType="VARCHAR" property="deptName" />
    <result column="time" jdbcType="TIMESTAMP" property="time" />
    <result column="statu" jdbcType="INTEGER" property="statu" />
  </resultMap>
  <sql id="Example_Where_Clause">
    <where>
      <foreach collection="oredCriteria" item="criteria" separator="or">
        <if test="criteria.valid">
          <trim prefix="(" prefixOverrides="and" suffix=")">
            <foreach collection="criteria.criteria" item="criterion">
              <choose>
                <when test="criterion.noValue">
                  and ${criterion.condition}
                </when>
                <when test="criterion.singleValue">
                  and ${criterion.condition} #{criterion.value}
                </when>
                <when test="criterion.betweenValue">
                  and ${criterion.condition} #{criterion.value} and #{criterion.secondValue}
                </when>
                <when test="criterion.listValue">
                  and ${criterion.condition}
                  <foreach close=")" collection="criterion.value" item="listItem" open="(" separator=",">
                    #{listItem}
                  </foreach>
                </when>
              </choose>
            </foreach>
          </trim>
        </if>
      </foreach>
    </where>
  </sql>
  <sql id="Update_By_Example_Where_Clause">
    <where>
      <foreach collection="example.oredCriteria" item="criteria" separator="or">
        <if test="criteria.valid">
          <trim prefix="(" prefixOverrides="and" suffix=")">
            <foreach collection="criteria.criteria" item="criterion">
              <choose>
                <when test="criterion.noValue">
                  and ${criterion.condition}
                </when>
                <when test="criterion.singleValue">
                  and ${criterion.condition} #{criterion.value}
                </when>
                <when test="criterion.betweenValue">
                  and ${criterion.condition} #{criterion.value} and #{criterion.secondValue}
                </when>
                <when test="criterion.listValue">
                  and ${criterion.condition}
                  <foreach close=")" collection="criterion.value" item="listItem" open="(" separator=",">
                    #{listItem}
                  </foreach>
                </when>
              </choose>
            </foreach>
          </trim>
        </if>
      </foreach>
    </where>
  </sql>
  <sql id="Base_Column_List">
    emp_id, emp_name, dept_name, time, statu
  </sql>
  <select id="selectByExample" parameterType="com.atguigu.crud.bean.CheckonExample" resultMap="BaseResultMap">
    select
    <if test="distinct">
      distinct
    </if>
    <include refid="Base_Column_List" />
    from tbl_check
    <if test="_parameter != null">
      <include refid="Example_Where_Clause" />
    </if>
    <if test="orderByClause != null">
      order by ${orderByClause}
    </if>
  </select>
  <select id="selectByPrimaryKey" parameterType="java.lang.Integer" resultMap="BaseResultMap">
    select 
    <include refid="Base_Column_List" />
    from tbl_check
    where emp_id = #{empId,jdbcType=INTEGER}
  </select>
  <delete id="deleteByPrimaryKey" parameterType="java.lang.Integer">
    delete from tbl_check
    where emp_id = #{empId,jdbcType=INTEGER}
  </delete>
  <delete id="deleteByExample" parameterType="com.atguigu.crud.bean.CheckonExample">
    delete from tbl_check
    <if test="_parameter != null">
      <include refid="Example_Where_Clause" />
    </if>
  </delete>
  <insert id="insert" parameterType="com.atguigu.crud.bean.Checkon">
    insert into tbl_check (emp_id, emp_name, dept_name,
      time, statu)
    values (#{empId,jdbcType=INTEGER}, #{empName,jdbcType=VARCHAR}, #{deptName,jdbcType=VARCHAR},
      #{time,jdbcType=TIMESTAMP}, #{statu,jdbcType=INTEGER})

  </insert>
  <insert id="insertSelective" parameterType="com.atguigu.crud.bean.Checkon">
    insert into tbl_check
    <trim prefix="(" suffix=")" suffixOverrides=",">
    <if test="empId != null">
        emp_id,
     </if>
      <if test="empName != null">
        emp_name,
      </if>
      <if test="deptName != null">
        dept_name,
      </if>
      <if test="time != null">
        time,
      </if>
      <if test="statu != null">
        statu,
      </if>
    </trim>
    <trim prefix="values (" suffix=")" suffixOverrides=",">
      <if test="empId != null">
        #{empId,jdbcType=INTEGER},
      </if>
      <if test="empName != null">
        #{empName,jdbcType=VARCHAR},
      </if>
      <if test="deptName != null">
        #{deptName,jdbcType=VARCHAR},
      </if>
      <if test="time != null">
        #{time,jdbcType=TIMESTAMP},
      </if>
      <if test="statu != null">
        #{statu,jdbcType=INTEGER},
      </if>
    </trim>
  </insert>
  <select id="countByExample" parameterType="com.atguigu.crud.bean.CheckonExample" resultType="java.lang.Long">
    select count(*) from tbl_check
    <if test="_parameter != null">
      <include refid="Example_Where_Clause" />
    </if>
  </select>
  <update id="updateByExampleSelective" parameterType="map">
    update tbl_check where
    <set>
      <if test="record.empId != null">
        emp_id = #{record.empId,jdbcType=INTEGER},
      </if>
      <if test="record.empName != null">
        emp_name = #{record.empName,jdbcType=VARCHAR},
      </if>
      <if test="record.deptName != null">
        dept_name = #{record.deptName,jdbcType=VARCHAR},
      </if>
      <if test="record.time != null">
        time = #{record.time,jdbcType=TIMESTAMP},
      </if>
      <if test="record.statu != null">
        statu = #{record.statu,jdbcType=INTEGER},
      </if>
    </set>
    <if test="_parameter != null">
      <include refid="Update_By_Example_Where_Clause" />
    </if>
  </update>
  <update id="updateByExample" parameterType="map">
    update tbl_check
    set emp_id = #{record.empId,jdbcType=INTEGER},
      emp_name = #{record.empName,jdbcType=VARCHAR},
      dept_name = #{record.deptName,jdbcType=VARCHAR},
      time = #{record.time,jdbcType=TIMESTAMP},
      statu = #{record.statu,jdbcType=INTEGER}
    <if test="_parameter != null">
      <include refid="Update_By_Example_Where_Clause" />
    </if>
  </update>
  <update id="updateByPrimaryKeySelective" parameterType="com.atguigu.crud.bean.Checkon">
    update tbl_check
    <set>
      <if test="empName != null">
        emp_name = #{empName,jdbcType=VARCHAR},
      </if>
      <if test="deptName != null">
        dept_name = #{deptName,jdbcType=VARCHAR},
      </if>
      <if test="time != null">
        time = #{time,jdbcType=TIMESTAMP},
      </if>
      <if test="statu != null">
        statu = #{statu,jdbcType=INTEGER},
      </if>
    </set>
    where emp_id = #{empId,jdbcType=INTEGER}
  </update>
  <update id="updateByPrimaryKey" parameterType="com.atguigu.crud.bean.Checkon">
    update tbl_check
    set emp_name = #{empName,jdbcType=VARCHAR},
      dept_name = #{deptName,jdbcType=VARCHAR},
      time = #{time,jdbcType=TIMESTAMP},
      statu = #{statu,jdbcType=INTEGER}
    where emp_id = #{empId,jdbcType=INTEGER}
  </update>


</mapper>